id_loan,id_direct_loantaker,name_direct_loantaker,id_intermediate_parent_1,name_intermediate_parent_1,id_ultimate_parent,name_ultimate_parent,loan_size_outstanding,loan_size_outstanding_currency,loan_size_credit_limit,loan_size_credit_limit_currency,sector_classification_system,sector_classification_input_type,sector_classification_direct_loantaker,fi_type,flag_project_finance_loan,name_project,lei_direct_loantaker,isin_direct_loantaker
L1,C294,Yuamen Xinneng Thermal Power Co Ltd,NA,NA,UP15,Alpine Knits India Pvt. Limited,225625,EUR,18968805,EUR,NACE,Code,3511,Loan,No,NA,NA,NA
L2,C293,"Yuamen Changyuan Hydropower Co., Ltd.",NA,NA,UP84,Eco Wave Power,301721,EUR,19727961,EUR,NACE,Code,3511,Loan,No,NA,NA,NA
L3,C292,Yuama Ethanol Llc,IP5,Yuama Inc.,UP288,University Of Iowa,410297,EUR,20811147,EUR,NACE,Code,3511,Loan,No,NA,NA,NA
L4,C299,Yudaksel Holding A.S,NA,NA,UP54,"China Electric Power (Fujian) Development Co., Ltd.",233049,EUR,19042869,EUR,NACE,Code,3511,Loan,No,NA,NA,NA
L5,C305,Yukon Energy Corp 1736,NA,NA,UP104,Garland Power & Light,406585,EUR,20774115,EUR,NACE,Code,3511,Loan,No,NA,NA,NA
L6,C304,Yukon Development Corp,NA,NA,UP83,Earthpower Technologies Sydney Pty Ltd,185721,EUR,18570711,EUR,NACE,Code,3511,Loan,No,NA,NA,NA
L7,C227,Yaugoa-Zapadnaya Tec,NA,NA,UP134,Ineos Ag,184793,EUR,18561453,EUR,NACE,Code,3511,Loan,No,NA,NA,NA
L8,C303,Yueyang City Construction,NA,NA,UP163,Kraftwerk Mehrum Gmbh,291513,EUR,19626123,EUR,NACE,Code,3511,Loan,No,NA,NA,NA
L9,C301,Yuedxiu Corp One,IP10,Yuedxiu Group,UP138,Jai Bharat Gum & Chemicals Ltd.,407513,EUR,20783373,EUR,NACE,Code,3511,Loan,No,NA,NA,NA
L10,C302,Yuexi County AAAA Xingguang Electricity Development Co. Ltd.,NA,NA,UP32,Bhagwan Energy Ltd.,186649,EUR,18579969,EUR,NACE,Code,3511,Loan,No,NA,NA,NA
L11,C309,Yuxi ounty Liuan dropower elopment C. L,NA,NA,UP81,"Dynegy Midwest Generation, Inc.",191289,EUR,18626259,EUR,NACE,Code,3511,Loan,No,NA,NA,NA
L12,C298,Yuba vdf County Water Agency,NA,NA,UP269,Summit Meghnaghat Power Co. Ltd.,294297,EUR,19653897,EUR,NACE,Code,3511,Loan,No,NA,NA,NA
L13,C297,Yuba City Cogeneration Partners Lp,NA,NA,UP69,Consorcio Integrador Sonora80m,200569,EUR,18718839,EUR,NACE,Code,3511,Loan,No,NA,NA,NA
L14,C296,Yuasfnjiang Elecdtric Psower Corpo,NA,NA,UP3,Affinity Renewables Inc.,187577,EUR,18589227,EUR,NACE,Code,3511,Loan,No,NA,NA,NA
L15,C295,Yuanbsaoshan Power Generation Co Ltd,NA,NA,UP196,Noshiro Forest Resources Utilization Cooperative Association,192217,EUR,18635517,EUR,NACE,Code,3511,Loan,No,NA,NA,NA
L16,C291,Yu Zhou 435 Tian Yuan Group,NA,NA,UP132,Ind Power Limited,298009,EUR,19690929,EUR,NACE,Code,3511,Loan,No,NA,NA,NA
L17,C290,Yu Wsang Shaanxi Huadian Coal Co Ltd,NA,NA,UP6,Agrenewables,205209,EUR,18765129,EUR,NACE,Code,3511,Loan,No,NA,NA,NA
L18,C284,Ysstterhogdals Elektriska Kraft Ab,NA,NA,UP121,"Helm Concentrates, Inc.",189433,EUR,18607743,EUR,NACE,Code,3511,Loan,No,NA,NA,NA
L19,C289,Ytre Matrefd Energi As,NA,NA,UP78,Domica Fpi S.R.O.,194073,EUR,18654033,EUR,NACE,Code,3511,Loan,No,NA,NA,NA
L20,C287,Ytl Powerseraya Pte Ltd,NA,NA,UP35,Bnb Renewable Energy Holdings Llc,308217,EUR,19792767,EUR,NACE,Code,3511,Loan,No,NA,NA,NA
L21,C286,Ytl Power International Bhd,NA,NA,UP63,Cisa Spa,226553,EUR,18978063,EUR,NACE,Code,3511,Loan,No,NA,NA,NA
L22,C285,Ytl Corp Bhd,NA,NA,UP187,Mr. Lay Se.,196857,EUR,18681807,EUR,NACE,Code,3511,Loan,No,NA,NA,NA
L23,C283,Ypic International Energy Cooperation & Development Company,NA,NA,UP297,Wallenstam Vindkraft Nyckeltorp Ab,195929,EUR,18672549,EUR,NACE,Code,3511,Loan,No,NA,NA,NA
L24,C282,Ypfb Corporacion,NA,NA,UP209,Phoenix Energy,309145,EUR,19802025,EUR,NACE,Code,3511,Loan,No,NA,NA,NA
L25,C281,Ypf Sa,NA,NA,UP296,Viridian Energy Supply,266457,EUR,19376157,EUR,NACE,Code,3511,Loan,No,NA,NA,NA
L26,C280,Ypf Energia Electrica Sa,NA,NA,UP67,"Coast Intelligen, Inc",199641,EUR,0,EUR,NACE,Code,3511,Loan,No,NA,NA,NA
L27,C278,Younicos Ag,NA,NA,UP45,Ce Energy Holding Ag,197785,EUR,0,EUR,NACE,Code,3511,Loan,No,NA,NA,NA
L28,C276,"Youngduk Wind Power Co., Ltd.",NA,NA,UP195,Northstone Power Corp.,315641,EUR,-5000000,EUR,NACE,Code,3511,Loan,No,NA,NA,NA
L29,C275,Younas Brothers Group,NA,NA,UP246,Shivnath Rai Harnarain (India) Ltd.,267385,EUR,-242,EUR,NACE,Code,3511,Loan,No,NA,NA,NA
L30,C274,Yosemite Unified School District,NA,NA,UP33,Bhushan Energy Ltd.,209849,EUR,18811419,EUR,NACE,Code,3511,Loan,No,NA,NA,NA
L31,C273,Yorkshire Windpower Limited,NA,NA,UP5,Agni Steels Private Limited,204281,EUR,18755871,EUR,NACE,Code,3511,Loan,No,NA,NA,NA
L32,C272,Yorkshire Water Services Ltd,NA,NA,UP190,Nagpur Tools Pvt. Ltd.,320281,EUR,19913121,EUR,NACE,Code,3511,Loan,No,NA,NA,NA
L33,C271,York University,NA,NA,UP203,"Pantanal Energetica, Ltda.",378745,EUR,20496375,EUR,NACE,Code,3511,Loan,No,NA,NA,NA
L34,C270,York Research Corporation,NA,NA,UP100,Fugong Fengyuan Hydropower Development Co. Ltd.,217273,EUR,18885483,EUR,NACE,Code,3511,Loan,No,NA,NA,NA
L35,C269,York County Solid Waste Authority,NA,NA,UP173,Man Diesel Se,207065,EUR,18783645,EUR,NACE,Code,3511,Loan,No,NA,NA,NA
L36,C268,York Cogeneration Corporation,NA,NA,UP109,Global Green Power Plc,327705,EUR,19987185,EUR,NACE,Code,3511,Loan,No,NA,NA,NA
L37,C267,York Capital Management Llc,NA,NA,UP40,Carleton College,220057,EUR,18913257,EUR,NACE,Code,3511,Loan,No,NA,NA,NA
L38,C266,"Yongzhou Zhongxin Hydropower Development Co., Ltd.",NA,NA,UP257,Soundararaja Mills Limited,223769,EUR,18950289,EUR,NACE,Code,3511,Loan,No,NA,NA,NA
L39,C265,"Yongzhou Lengshuitan Shunhe Hydropower Co., Ltd.",NA,NA,UP188,Mrs. V. Sabithamani,208921,EUR,18802161,EUR,NACE,Code,3511,Loan,No,NA,NA,NA
L40,C264,"Yongzhou Jingyuan Integrated Development Co., Ltd.",NA,NA,UP259,South African Renewable Green Energy (Pty) Ltd,350905,EUR,20218635,EUR,NACE,Code,3511,Loan,No,NA,NA,NA
L41,C263,"Yongren County Wanyuan Hydropower Development Co., Ltd.",NA,NA,UP97,Fg Wilson (Engineering) Limited,275737,EUR,19468737,EUR,NACE,Code,3511,Loan,No,NA,NA,NA
L42,C262,"Yongji Co-Generation Power Co., Ltd.",NA,NA,UP30,Bethlehem Hydro (Pty) Ltd.,224697,EUR,18959547,EUR,NACE,Code,3511,Loan,No,NA,NA,NA
L43,C261,Yongcheng Coal & Electricity Holding Group Co Ltd,NA,NA,UP152,Jsw Group,230265,EUR,19015095,EUR,NACE,Code,3511,Loan,No,NA,NA,NA
L44,C260,Yongchang Dongfang Hydropower Development Co. Ltd.,NA,NA,UP278,Tongaat Hulett Sugar Limited,357401,EUR,20283441,EUR,NACE,Code,3511,Loan,No,NA,NA,NA
L45,C259,Yondenko Corp,NA,NA,UP156,"Karumai Nishi Solar, Llc.",352761,EUR,20237151,EUR,NACE,Code,3511,Loan,No,NA,NA,NA
L46,C258,Yonden Engineering Corporation,NA,NA,UP17,Angabergs Lantbruks Ab,311001,EUR,19820541,EUR,NACE,Code,3511,Loan,No,NA,NA,NA
L47,C257,Yolo County Flood Control & Water Conservation District,IP3,Yolo Regional District,UP38,Brikel Ead,411225,EUR,20820405,EUR,NACE,Code,3511,Loan,No,NA,NA,NA
L48,C256,Yolo County,NA,NA,UP201,Oshawa Power And Utilities Corporation,240473,EUR,19116933,EUR,NACE,Code,3511,Loan,No,NA,NA,NA
L49,C255,Yoki Alimentos Sa,NA,NA,UP66,Classic Textiles,305433,EUR,19764993,EUR,NACE,Code,3511,Loan,No,NA,NA,NA
L50,C254,Ymca Milford/Woodruff,NA,NA,UP219,Renova Group,231193,EUR,19024353,EUR,NACE,Code,3511,Loan,No,NA,NA,NA
L51,C253,Ymc Build More Pvt Ltd,NA,NA,UP90,Empresa Administradora Chungar Sac,236761,EUR,19079901,EUR,NACE,Code,3511,Loan,No,NA,NA,NA
L52,C252,"Ykk Usa, Inc.",NA,NA,UP73,Daimachi Natural Energy Research Inc,358329,EUR,20292699,EUR,NACE,Code,3511,Loan,No,NA,NA,NA
L53,C251,Ykk Gps (Queensland) Pty Ltd.,NA,NA,UP91,Energiegenossenschaft Schwalm-Knull Eg,325849,EUR,19968669,EUR,NACE,Code,3511,Loan,No,NA,NA,NA
L54,C250,Yiyang Kaidi Green Energy Development Co. Ltd.,NA,NA,UP43,Cattle Farm Tamminga,232121,EUR,19033611,EUR,NACE,Code,3511,Loan,No,NA,NA,NA
L55,C249,"Yiyang Baoyuan Power Generation Co., Ltd.",NA,NA,UP72,Dahua Engineering Management,239545,EUR,19107675,EUR,NACE,Code,3511,Loan,No,NA,NA,NA
L56,C248,Yit Corporation,NA,NA,UP224,Rtr Capital Srl,359257,EUR,20301957,EUR,NACE,Code,3511,Loan,No,NA,NA,NA
L57,C247,Yingli Green Energy Holding Co Ltd,NA,NA,UP85,Ecoware S.P.A.,382457,EUR,20533407,EUR,NACE,Code,3511,Loan,No,NA,NA,NA
L58,C246,Yingli Energy (China) Co Ltd,NA,NA,UP166,Kuopion Energia Oy,234905,EUR,19061385,EUR,NACE,Code,3511,Loan,No,NA,NA,NA
L59,C245,Yingjiang Nandihe Hydropower Co. Ltd.,NA,NA,UP169,Lakshmi Ring Travellers (Coimbatore) Ltd.,249753,EUR,19209513,EUR,NACE,Code,3511,Loan,No,NA,NA,NA
L60,C244,"Yingjiang Mulong River Hydropower Exploitation Co., Ltd.",NA,NA,UP199,Oekostrom Ag,371321,EUR,20422311,EUR,NACE,Code,3511,Loan,No,NA,NA,NA
L61,C243,"Yingjiang Mingyu Electric Power Development Co.,Ltd.",NA,NA,UP252,"Sky Volt, Llc",405657,EUR,20764857,EUR,NACE,Code,3511,Loan,No,NA,NA,NA
L62,C242,Yingjiang Mengyuan Electricity Development Co Ltd,NA,NA,UP13,Alands Vindkraft Ab,238617,EUR,19098417,EUR,NACE,Code,3511,Loan,No,NA,NA,NA
L63,C241,Yingjiang Mengdian River Second Level Power Station Co Ltd.,NA,NA,UP221,Rosa Flora Ltd.,252537,EUR,19237287,EUR,NACE,Code,3511,Loan,No,NA,NA,NA
L64,C240,"Yingjiang Longhui Co., Ltd.",NA,NA,UP261,St. Mary Home,376889,EUR,20477859,EUR,NACE,Code,3511,Loan,No,NA,NA,NA
L65,C239,"Yingjiang Hongfu Investment Co., Ltd.",NA,NA,UP76,Destilaria Alcidia S/A,399161,EUR,20700051,EUR,NACE,Code,3511,Loan,No,NA,NA,NA
L66,C238,"Yingjiang County Mingliang Trading Co., Ltd.",NA,NA,UP131,Hydro Jet (Pvt) Ltd,251609,EUR,19228029,EUR,NACE,Code,3511,Loan,No,NA,NA,NA
L67,C237,"Yingjiang County Binglang River Hydroelectric Power Co., Ltd.",NA,NA,UP175,"Maple Leaf Dairy, Inc.",264601,EUR,19357641,EUR,NACE,Code,3511,Loan,No,NA,NA,NA
L68,C236,Yin Ech,NA,NA,UP86,Edison Mission Group Inc.,379673,EUR,20505633,EUR,NACE,Code,3511,Loan,No,NA,NA,NA
L69,C235,Yima Jinjiang Energy Comprehensive Utilisation Company Limited,NA,NA,UP241,Shah Foils Pvt Ltd,233977,EUR,19052127,EUR,NACE,Code,3511,Loan,No,NA,NA,NA
L70,C234,Yiliang Dianneng Luoze River Basin Power Generation Limited,NA,NA,UP124,Hidroel. Coto Minero. S.A.,253465,EUR,19246545,EUR,NACE,Code,3511,Loan,No,NA,NA,NA
L71,C233,Yildiz Enerji Elektrik Uretim A.S.,NA,NA,UP93,Epr Thetford Limited,271097,EUR,19422447,EUR,NACE,Code,3511,Loan,No,NA,NA,NA
L72,C232,Yildirim Group,NA,NA,UP280,"Tri Energy Co., Ltd.",380601,EUR,20514891,EUR,NACE,Code,3511,Loan,No,NA,NA,NA
L73,C231,Yildirim Energy Investments Inc,NA,NA,UP74,Dakota Magic Casino & Hotel,349977,EUR,20209377,EUR,NACE,Code,3511,Loan,No,NA,NA,NA
L74,C230,"Yilan Longyuan Huineng Wind Power Co., Ltd.",NA,NA,UP65,City Of Utsunomiya,254393,EUR,19255803,EUR,NACE,Code,3511,Loan,No,NA,NA,NA
L75,C229,"Yidu East Sunshine Industrial Development Co., Ltd.",NA,NA,UP216,Quest Energy Llc,277593,EUR,19487253,EUR,NACE,Code,3511,Loan,No,NA,NA,NA
L76,C228,"Yichun Xinganling Wind Power Co., Ltd.",NA,NA,UP34,Biopower Systems Pty Ltd,399161,EUR,20700051,EUR,NACE,Code,3511,Loan,No,NA,NA,NA
L77,C146,Nanjing Guodian Nanjing Automation New Energy Technology Co Ltd,NA,NA,UP272,Techint Compagnia Tecnica Internazionale Spa,404729,EUR,20755599,EUR,NACE,Code,3511,Loan,No,NA,NA,NA
L78,C145,Nanjing Gcl New Energy,NA,NA,UP21,Armada Kommunfastigheter Ab,257177,EUR,19283577,EUR,NACE,Code,3511,Loan,No,NA,NA,NA
L79,C144,Nanjing Chemical Industries Co Ltd,NA,NA,UP204,Parque De Generacion Aguaprieta Sapi De Cv,283161,EUR,19542801,EUR,NACE,Code,3511,Loan,No,NA,NA,NA
L80,C143,Naniwa Energy Llc,NA,NA,UP151,Jp Jewellers,401017,EUR,20718567,EUR,NACE,Code,3511,Loan,No,NA,NA,NA
L81,C142,Nandi Roller Flour Mills Pvt. Ltd.,IP4,Nandi Roller Inc.,UP293,Vier Industry And Trade Mate Ltd,411225,EUR,20820405,EUR,NACE,Code,3511,Loan,No,NA,NA,NA
L82,C141,Nandhi Spinning Mills Private Limited,NA,NA,UP88,Elaqua Ag,260889,EUR,19320609,EUR,NACE,Code,3511,Loan,No,NA,NA,NA
L83,C140,Nandan Wind Energy Development,NA,NA,UP135,Innovent Sas,286873,EUR,19579833,EUR,NACE,Code,3511,Loan,No,NA,NA,NA
L84,C139,Mom and Pop Family Business,IP8,Nanco Hosiery Mills,UP263,Standard Solar Inc,408441,EUR,20792631,EUR,NACE,Code,3511,Loan,No,NA,NA,NA
L85,C138,"Nanchong Electric Power Development Co., Ltd.",NA,NA,UP160,Kksk Sharira Wind,198713,EUR,18700323,EUR,NACE,Code,3511,Loan,No,NA,NA,NA
L86,C137,Nanaimo Forest Products Ltd.,NA,NA,UP1,Aba Hydropower Generation Co Ltd,263673,EUR,19348383,EUR,NACE,Code,3511,Loan,No,NA,NA,NA
L87,C136,Nana Layja Power Co. Ltd.,NA,NA,UP256,Song Ba Joint Stock Company,296153,EUR,19672413,EUR,NACE,Code,3511,Loan,No,NA,NA,NA
L88,C135,Nampower,NA,NA,UP116,"Guohua (Tongliao) Wind Power Co., Ltd.",409369,EUR,20801889,EUR,NACE,Code,3511,Loan,No,NA,NA,NA
L89,C134,Nammo Liab Ab,NA,NA,UP300,Warmeverbundkraftwerk Freiburg Gmbh,235833,EUR,19070643,EUR,NACE,Code,3511,Loan,No,NA,NA,NA
L90,C133,Namhae Energy,NA,NA,UP312,Zhejiang Electric Power Industry Bureau,314713,EUR,19857573,EUR,NACE,Code,3511,Loan,No,NA,NA,NA
L91,C132,Namgis First Nation,NA,NA,UP141,"Jericho Rise Wind Farm, Llc",395449,EUR,20663019,EUR,NACE,Code,3511,Loan,No,NA,NA,NA
L92,C131,Nama Holding Company Saoc,NA,NA,UP214,Power Electronics Ltd.,241401,EUR,19126191,EUR,NACE,Code,3511,Loan,No,NA,NA,NA
L93,C130,Nam Lum Hydroelectric,NA,NA,UP14,Allianz Capital Partners Gmbh,242329,EUR,19135449,EUR,NACE,Code,3511,Loan,No,NA,NA,NA
L94,C129,"Nam Long Power Co., Ltd.",NA,NA,UP31,Bhagawati Hydropower Development Company,269241,EUR,19403931,EUR,NACE,Code,3511,Loan,No,NA,NA,NA
L95,C128,Nam Chien Hydropower Joint Stock Company,NA,NA,UP240,Sembcorp Utilities (Uk) Ltd,300793,EUR,19718703,EUR,NACE,Code,3511,Loan,No,NA,NA,NA
L96,C127,Nalsing Gad Hydropower Development Committee,NA,NA,UP277,Tolsa S.A.,182937,EUR,18542937,EUR,NACE,Code,3511,Loan,No,NA,NA,NA
L97,C126,Nalini Properties Pvt. Ltd.,NA,NA,UP158,Kaytee Apex Pvt. Ltd.,311929,EUR,19829799,EUR,NACE,Code,3511,Loan,No,NA,NA,NA
L98,C124,Nagreeka Foils Ltd,NA,NA,UP64,City Maebashi,272953,EUR,19440963,EUR,NACE,Code,3511,Loan,No,NA,NA,NA
L99,C123,Nagpur Tools Pvt. Ltd.,NA,NA,UP44,Cattle Farm Ubbels,304505,EUR,19755735,EUR,NACE,Code,3511,Loan,No,NA,NA,NA
L100,C122,Nagina Cotton Mills Ltd,NA,NA,UP37,Bombay Crimper,215417,EUR,18866967,EUR,NACE,Code,3511,Loan,No,NA,NA,NA
L101,C45,Hakushin Kisen,NA,NA,UP22,Arriva Shipping As,321209,EUR,19922379,EUR,NACE,Code,3011,Loan,No,NA,NA,NA
L102,C46,Hakuyo Kisen Kk,NA,NA,UP153,Kalkan Denizcilik Petrol,276665,EUR,19477995,EUR,NACE,Code,3011,Loan,No,NA,NA,NA
L103,C47,Hakvoort Transport Shipping Bv,NA,NA,UP189,Mulya Bahari Perkasa,307289,EUR,19783509,EUR,NACE,Code,3011,Loan,No,NA,NA,NA
L104,C48,Hal Corporation Kk,NA,NA,UP271,Tanzania Govt,219129,EUR,18903999,EUR,NACE,Code,3011,Loan,No,NA,NA,NA
L105,C49,Halkidon Shipping Corp,NA,NA,UP284,Ukrainian Danube Shipping Co,367609,EUR,20385279,EUR,NACE,Code,3011,Loan,No,NA,NA,NA
L106,C50,Halong Import Export,NA,NA,UP306,Yosqui Investments Corp,280377,EUR,19515027,EUR,NACE,Code,3011,Loan,No,NA,NA,NA
L107,C51,Haltbakk Bunkers As,NA,NA,UP247,Showa Nittan Maritime Co Ltd,330489,EUR,20014959,EUR,NACE,Code,3011,Loan,No,NA,NA,NA
L108,C52,Halten Bulk As,NA,NA,UP168,Labrador Marine Inc,221913,EUR,18931773,EUR,NACE,Code,3011,Loan,No,NA,NA,NA
L109,C53,Ham Rong Shipping Jsc,NA,NA,UP281,Tsetan-Bunker Co Ltd,250681,EUR,19218771,EUR,NACE,Code,3011,Loan,No,NA,NA,NA
L110,C54,Hamaguchi Kaiun,NA,NA,UP287,United Shipping Lines Ltd,282233,EUR,19533543,EUR,NACE,Code,3011,Loan,No,NA,NA,NA
L111,C55,Hamaguchi Kaiun Yk,NA,NA,UP313,Zhoushan Hefeng Shipping Co,348121,EUR,20190861,EUR,NACE,Code,3011,Loan,No,NA,NA,NA
L112,C56,Hamamoto Kaijo Yk,NA,NA,UP315,Zhoushan Zhongchang Shipping,228409,EUR,18996579,EUR,NACE,Code,3011,Loan,No,NA,NA,NA
L113,C57,Hamano Kaiun Kk,NA,NA,UP319,Zurich Ag,347193,EUR,20181603,EUR,NACE,Code,3011,Loan,No,NA,NA,NA
L114,C58,Hamasaki Kaiun Kk,NA,NA,UP143,Jet Shipmanagement Ltd,285017,EUR,19561317,EUR,NACE,Code,3011,Loan,No,NA,NA,NA
L115,C59,Hamaura Kaiun,NA,NA,UP125,Highland Maritime Co Ltd,353689,EUR,20246409,EUR,NACE,Code,3011,Loan,No,NA,NA,NA
L116,C60,Hamayu Kaiun,NA,NA,UP42,Carten Shipping As,246041,EUR,19172481,EUR,NACE,Code,3011,Loan,No,NA,NA,NA
L117,C61,Hamburg Sud Italia Srl,NA,NA,UP244,Shanghai Dingheng Shpg Co Ltd,391737,EUR,20625987,EUR,NACE,Code,3011,Loan,No,NA,NA,NA
L118,C62,Hamburg Sudamerikanische,NA,NA,UP197,Nsb Niederelbe Schiffahrtsges,290585,EUR,19616865,EUR,NACE,Code,3011,Loan,No,NA,NA,NA
L119,C63,Hamburger Lloyd,NA,NA,UP98,Foong Sun Shipping Pte Ltd,361113,EUR,20320473,EUR,NACE,Code,3011,Loan,No,NA,NA,NA
L120,C64,Hamer Balikcilik Ve Denizcilik,NA,NA,UP310,Zadeh Mk,262745,EUR,19339125,EUR,NACE,Code,3011,Loan,No,NA,NA,NA
L121,C65,Hamidavi A,NA,NA,UP111,Grater Trading Inc,220985,EUR,18922515,EUR,NACE,Code,3011,Loan,No,NA,NA,NA
L122,C66,Hammann & Prahm Reederei Gmbh,NA,NA,UP177,Mayaka Owanga E,292441,EUR,19635381,EUR,NACE,Code,3011,Loan,No,NA,NA,NA
L123,C67,Hammonia Reederei Gmbh,NA,NA,UP205,Pasabahce Denizcilik Turizm,364825,EUR,20357505,EUR,NACE,Code,3011,Loan,No,NA,NA,NA
L124,C68,Hammy Distributors & Services,NA,NA,UP16,Alyzia Shipping Co,274809,EUR,19459479,EUR,NACE,Code,3011,Loan,No,NA,NA,NA
L125,C69,Hamza Engineering & Electric,NA,NA,UP314,Zhoushan Yongcheng Marine Co,244185,EUR,19153965,EUR,NACE,Code,3011,Loan,No,NA,NA,NA
L126,C70,Hamza Shipping Co,NA,NA,UP172,Mammiri Line Pt,302649,EUR,19737219,EUR,NACE,Code,3011,Loan,No,NA,NA,NA
L127,C71,Han Dong,NA,NA,UP222,Rosneft Jsc,365753,EUR,20366763,EUR,NACE,Code,3011,Loan,No,NA,NA,NA
L128,C72,Han Gang Tankers Inc,NA,NA,UP249,Simon Mokster Shipping As,287801,EUR,19589091,EUR,NACE,Code,3011,Loan,No,NA,NA,NA
L129,C73,Han Il Shipping,NA,NA,UP311,Zhang Yf,394521,EUR,20653761,EUR,NACE,Code,3011,Loan,No,NA,NA,NA
L130,C74,Han Navigator Shipping Pte Ltd,NA,NA,UP155,Kartrade Oil Ltd,306361,EUR,19774251,EUR,NACE,Code,3011,Loan,No,NA,NA,NA
L131,C75,Han Ren Heavylift Shipping Co,NA,NA,UP12,Akij Shipping Line Ltd,372249,EUR,20431569,EUR,NACE,Code,3011,Loan,No,NA,NA,NA
L132,C76,Han Ship Management Pte Ltd,NA,NA,UP291,Valour Offshore Marine Service,289657,EUR,19607607,EUR,NACE,Code,3011,Loan,No,NA,NA,NA
L133,C77,Han Sung Line Co Ltd,NA,NA,UP55,China Shipping Bulk Carrier Co,248825,EUR,19200255,EUR,NACE,Code,3011,Loan,No,NA,NA,NA
L134,C78,Hana Marine Co Ltd,NA,NA,UP167,Kurilskiy Rybak Jsc,326777,EUR,19977927,EUR,NACE,Code,3011,Loan,No,NA,NA,NA
L135,C79,Hanaro Shipping Co Ltd-Busan,NA,NA,UP24,Avin International Ltd,400089,EUR,20709309,EUR,NACE,Code,3011,Loan,No,NA,NA,NA
L136,C80,Hanaro Shipping Co Ltd-Seoul,NA,NA,UP137,Ir-Bos Trans Ltd,247897,EUR,19190997,EUR,NACE,Code,3011,Loan,No,NA,NA,NA
L137,C81,Handal Mutiara Pacific,NA,NA,UP75,Dan Xuan Shipping Co Ltd,259033,EUR,19302093,EUR,NACE,Code,3011,Loan,No,NA,NA,NA
L138,C82,Handong Marine,NA,NA,UP101,Fujian Province Nan'An City,310073,EUR,19811283,EUR,NACE,Code,3011,Loan,No,NA,NA,NA
L139,C83,Handong Shipbuilding Co Ltd,NA,NA,UP174,Manisa Bulk Uk Ltd,375961,EUR,20468601,EUR,NACE,Code,3011,Loan,No,NA,NA,NA
L140,C84,Handytankers K/S,NA,NA,UP273,Thanh Trung Transport Co Ltd,299865,EUR,19709445,EUR,NACE,Code,3011,Loan,No,NA,NA,NA
L141,C85,Hanei Kaiun,NA,NA,UP228,Sampaguita Shipping Corp,190361,EUR,18617001,EUR,NACE,Code,3011,Loan,No,NA,NA,NA
L142,C86,Hang Hai Co Ltd,NA,NA,UP4,Africon Shipping Sa,318425,EUR,19894605,EUR,NACE,Code,3011,Loan,No,NA,NA,NA
L143,C87,Hang Woo Ship Management Ltd,NA,NA,UP239,Sea-Cargo As,385241,EUR,20561181,EUR,NACE,Code,3011,Loan,No,NA,NA,NA
L144,C88,Hangli Shipping Pte Ltd,NA,NA,UP308,Yu Xing Shipping Ltd,313785,EUR,19848315,EUR,NACE,Code,3011,Loan,No,NA,NA,NA
L145,C89,Hanil Express Co Ltd,NA,NA,UP157,Katsumaru Kaiun,214489,EUR,18857709,EUR,NACE,Code,3011,Loan,No,NA,NA,NA
L146,C90,Hanison,NA,NA,UP210,Picnic Marine Co Ltd,322137,EUR,19931637,EUR,NACE,Code,3011,Loan,No,NA,NA,NA
L147,C91,Hanjin Heavy Industries & Cons,NA,NA,UP165,Kuang Ming (Liberia) Corp,390809,EUR,20616729,EUR,NACE,Code,3011,Loan,No,NA,NA,NA
L148,C92,Hanjin Overseas Bulk Ltd,NA,NA,UP162,Korea Uljibong Shipping Co,317497,EUR,19885347,EUR,NACE,Code,3011,Loan,No,NA,NA,NA
L149,C93,Hanjin Overseas Tanker Pte Ltd,NA,NA,UP108,Giant Shipping Lines,218201,EUR,18894741,EUR,NACE,Code,3011,Loan,No,NA,NA,NA
L150,C94,Hanjin Shipping Co Ltd,NA,NA,UP179,Mentari Surya Pradana Pt,323993,EUR,19950153,EUR,NACE,Code,3011,Loan,No,NA,NA,NA
L151,C168,Shaanxi Auto,NA,NA,UP318,Zoox,396377,EUR,20672277,EUR,NACE,Code,291,Loan,No,NA,NA,NA
L152,C169,Shandong Auto,NA,NA,UP242,Shandong Kama,319353,EUR,19903863,EUR,NACE,Code,291,Loan,No,NA,NA,NA
L153,C170,Shandong Kama,NA,NA,UP128,Huanghai Motors,258105,EUR,19292835,EUR,NACE,Code,291,Loan,No,NA,NA,NA
L154,C171,Shandong Tangjun Ouling,NA,NA,UP89,Electric Mobility Solutions,332345,EUR,20033475,EUR,NACE,Code,291,Loan,No,NA,NA,NA
L155,C173,Shanghai Automotive Industry Corp,NA,NA,UP114,Guizhou Yunque,203353,EUR,18746613,EUR,NACE,Code,291,Loan,No,NA,NA,NA
L156,C176,Shanxi Dayun,NA,NA,UP145,Jiangling Jingma,329561,EUR,20005701,EUR,NACE,Code,291,Loan,No,NA,NA,NA
L157,C178,Shenyang Polarsun,NA,NA,UP309,Yulon,261817,EUR,19329867,EUR,NACE,Code,291,Loan,No,NA,NA,NA
L158,C180,Shuanghuan Auto,NA,NA,UP234,Santana,337913,EUR,20089023,EUR,NACE,Code,291,Loan,No,NA,NA,NA
L159,C182,Sichuan Auto,NA,NA,UP202,Otokar,227481,EUR,18987321,EUR,NACE,Code,291,Loan,No,NA,NA,NA
L160,C184,Singulato,NA,NA,UP185,Morattab,334201,EUR,20051991,EUR,NACE,Code,291,Loan,No,NA,NA,NA
L161,C185,Sinotruk,NA,NA,UP147,Jiangxi Huaxiang Fuqi,273881,EUR,19450221,EUR,NACE,Code,291,Loan,No,NA,NA,NA
L162,C188,South-East Automobile,NA,NA,UP230,"San Yang Industry Co., Ltd.",338841,EUR,20098281,EUR,NACE,Code,291,Loan,No,NA,NA,NA
L163,C192,Streetscooter,NA,NA,UP305,Xiaopeng,245113,EUR,19163223,EUR,NACE,Code,291,Loan,No,NA,NA,NA
L164,C193,Subaru Corp,NA,NA,UP94,Faraday Future,335129,EUR,20061249,EUR,NACE,Code,291,Loan,No,NA,NA,NA
L165,C195,Sunwin Bus,NA,NA,UP79,Dongfeng-Luxgen,285945,EUR,19570575,EUR,NACE,Code,291,Loan,No,NA,NA,NA
L166,C196,Suzuki Motor Corp,NA,NA,UP206,Perodua,339769,EUR,20107539,EUR,NACE,Code,291,Loan,No,NA,NA,NA
L167,C197,Tagaz/Doninvest,NA,NA,UP212,Pininfarina-Bollore,295225,EUR,19663155,EUR,NACE,Code,291,Loan,No,NA,NA,NA
L168,C199,Tarpan,NA,NA,UP95,Faw Toyota,336985,EUR,20079765,EUR,NACE,Code,291,Loan,No,NA,NA,NA
L169,C201,Tata Group,NA,NA,UP227,Saic Gm Dongyue,324921,EUR,19959411,EUR,NACE,Code,291,Loan,No,NA,NA,NA
L170,C203,Tesla Inc,NA,NA,UP23,Aston Martin,341625,EUR,20126055,EUR,NACE,Code,291,Loan,No,NA,NA,NA
L171,C204,Tianjin Meiya,NA,NA,UP290,Vab Sipox,303577,EUR,19746477,EUR,NACE,Code,291,Loan,No,NA,NA,NA
L172,C206,Tofas,NA,NA,UP171,Leeco,344409,EUR,20153829,EUR,NACE,Code,291,Loan,No,NA,NA,NA
L173,C207,Toyota Motor Corp,NA,NA,UP233,Sanjiang Renault,333273,EUR,20042733,EUR,NACE,Code,291,Loan,No,NA,NA,NA
L174,C211,Tvr,NA,NA,UP53,Chehejia,342553,EUR,20135313,EUR,NACE,Code,291,Loan,No,NA,NA,NA
L175,C212,Uaz,NA,NA,UP303,Wuling,312857,EUR,19839057,EUR,NACE,Code,291,Loan,No,NA,NA,NA
L176,C213,Vab Sipox,NA,NA,UP119,Hebei Yujie Vehicle Corporation,349049,EUR,20200119,EUR,NACE,Code,291,Loan,No,NA,NA,NA
L177,C214,Vinfast,NA,NA,UP191,Naza Motor,270169,EUR,19413189,EUR,NACE,Code,291,Loan,No,NA,NA,NA
L178,C215,Volkswagen Ag,NA,NA,UP144,Jianghuai-Vw,340697,EUR,20116797,EUR,NACE,Code,291,Loan,No,NA,NA,NA
L179,C216,Volvo Truck And Bus,NA,NA,UP258,South-East Automobile,402873,EUR,20737083,EUR,NACE,Code,291,Loan,No,NA,NA,NA
L180,C217,Weichai Power Co Ltd,NA,NA,UP25,Avtozaz,255321,EUR,19265061,EUR,NACE,Code,291,Loan,No,NA,NA,NA
L181,C218,Wheego,NA,NA,UP36,Bogdan,343481,EUR,20144571,EUR,NACE,Code,291,Loan,No,NA,NA,NA
L182,C219,Wm Motor,NA,NA,UP149,Jilin Tongtian,346265,EUR,20172345,EUR,NACE,Code,291,Loan,No,NA,NA,NA
L183,C221,Wuling,NA,NA,UP245,Shenyang Polarsun,316569,EUR,19876089,EUR,NACE,Code,291,Loan,No,NA,NA,NA
L184,C222,Xiamen Automotive Industry Corporation,NA,NA,UP176,Master,355545,EUR,20264925,EUR,NACE,Code,291,Loan,No,NA,NA,NA
L185,C223,"Xiamen State-Owned Assets Investment Co., Ltd",NA,NA,UP136,Intrall Polska,351833,EUR,20227893,EUR,NACE,Code,291,Loan,No,NA,NA,NA
L186,C224,Xiaopeng,NA,NA,UP182,Modiran,354617,EUR,20255667,EUR,NACE,Code,291,Loan,No,NA,NA,NA
L187,C225,Yangzhou Yaxing,NA,NA,UP294,Vinfast,328633,EUR,19996443,EUR,NACE,Code,291,Loan,No,NA,NA,NA
L188,C277,Youngman Lotus,NA,NA,UP317,Zil,369465,EUR,20403795,EUR,NACE,Code,291,Loan,No,NA,NA,NA
L189,C279,Youxia,NA,NA,UP102,Gac Changfeng,363897,EUR,20348247,EUR,NACE,Code,291,Loan,No,NA,NA,NA
L190,C288,Yto Group,NA,NA,UP118,Hawtai,356473,EUR,20274183,EUR,NACE,Code,291,Loan,No,NA,NA,NA
L191,C300,Yudo Auto,NA,NA,UP307,Youngman Lotus,360185,EUR,20311215,EUR,NACE,Code,291,Loan,No,NA,NA,NA
L192,C306,Yulon,NA,NA,UP146,Jiangsu Joylong,370393,EUR,20413053,EUR,NACE,Code,291,Loan,No,NA,NA,NA
L193,C310,Zamyad,NA,NA,UP80,Dongfeng Honda,368537,EUR,20394537,EUR,NACE,Code,291,Loan,No,NA,NA,NA
L194,C311,Zastava,NA,NA,UP274,Tianjin Meiya,362969,EUR,20338989,EUR,NACE,Code,291,Loan,No,NA,NA,NA
L195,C313,Zhengzhou Yutong Bus Co Ltd,NA,NA,UP52,Ch Auto,389881,EUR,20607471,EUR,NACE,Code,291,Loan,No,NA,NA,NA
L196,C314,Zhongxing,NA,NA,UP250,Sinotruk,375033,EUR,20459343,EUR,NACE,Code,291,Loan,No,NA,NA,NA
L197,C316,Zil,NA,NA,UP276,Tofas,402873,EUR,20737083,EUR,NACE,Code,291,Loan,No,NA,NA,NA
L198,C317,Ziyang Nanjun,NA,NA,UP58,Chtc Auto,373177,EUR,20440827,EUR,NACE,Code,291,Loan,No,NA,NA,NA
L199,C318,Zoox,NA,NA,UP304,"Xiamen State-Owned Assets Investment Co., Ltd",393593,EUR,20644503,EUR,NACE,Code,291,Loan,No,NA,NA,NA
L200,C319,Zotye Auto,NA,NA,UP181,Mitsubishi Fuso,377817,EUR,20487117,EUR,NACE,Code,291,Loan,No,NA,NA,NA
L201,C104,Inner Mongolia Linxi Town Yiwande Industry,NA,NA,UP117,Hachinohe Cement,188505,EUR,18598485,EUR,NACE,Code,2351,Loan,No,NA,NA,NA
L202,C98,Henan Yanshi Cement Plant,NA,NA,UP260,Spenner Zement Gmbh,374105,EUR,20450085,EUR,NACE,Code,2351,Loan,No,NA,NA,NA
L203,C119,Mai Son Cement,NA,NA,UP255,Sonatrach,406585,EUR,20774115,EUR,NACE,Code,2351,Loan,No,NA,NA,NA
L204,C183,Sichuan Wangcang Jinqi Cement Industrial,NA,NA,UP299,Wanyuan Baisha Cement Group,383385,EUR,20542665,EUR,NACE,Code,2351,Loan,No,NA,NA,NA
L205,C189,Sri Lanka Cement Corporation,NA,NA,UP289,Unknown Chinese,201497,EUR,18728097,EUR,NACE,Code,2351,Loan,No,NA,NA,NA
L206,C18,Cimentos Forte,NA,NA,UP159,Kehua Group,381529,EUR,20524149,EUR,NACE,Code,2351,Loan,No,NA,NA,NA
L207,C9,American Cement,NA,NA,UP301,Wietersdorfer & Peggauer,216345,EUR,18876225,EUR,NACE,Code,2351,Loan,No,NA,NA,NA
L208,C108,Jiyuan Taihang Cement,NA,NA,UP236,Sardar Cement,395449,EUR,20663019,EUR,NACE,Code,2351,Loan,No,NA,NA,NA
L209,C172,Shangfeng Cement Group,NA,NA,UP184,Momtazan Kerman Cement Company,212633,EUR,18839193,EUR,NACE,Code,2351,Loan,No,NA,NA,NA
L210,C95,Harbin Quanxing Cement,NA,NA,UP60,Cimento Nassau,384313,EUR,20551923,EUR,NACE,Code,2351,Loan,No,NA,NA,NA
L211,C96,Hebei Quzhai Cement Group,NA,NA,UP49,Cemex Nicaragua,268313,EUR,19394673,EUR,NACE,Code,2351,Loan,No,NA,NA,NA
L212,C312,Zhejiang Shengwei Group,NA,NA,UP127,Huainan Mining Industry Group,398233,EUR,20690793,EUR,NACE,Code,2351,Loan,No,NA,NA,NA
L213,C102,Hubei Jinglan Group,NA,NA,UP133,Industriya-Plus,237689,EUR,19089159,EUR,NACE,Code,2351,Loan,No,NA,NA,NA
L214,C190,State-Owned Samgwong Cement,NA,NA,UP270,Sunnsy Group,386169,EUR,20570439,EUR,NACE,Code,2351,Loan,No,NA,NA,NA
L215,C14,Boral Cement,NA,NA,UP47,Cemento Sur,193145,EUR,18644775,EUR,NACE,Code,2351,Loan,No,NA,NA,NA
L216,C157,Quang Tri Cement,NA,NA,UP183,Mombassa Cement,403801,EUR,20746341,EUR,NACE,Code,2351,Loan,No,NA,NA,NA
L217,C16,Cenves,NA,NA,UP129,Hume Cement,243257,EUR,19144707,EUR,NACE,Code,2351,Loan,No,NA,NA,NA
L218,C162,Sabah,NA,NA,UP122,Henan Xinshiji Xinfeng Cement,387097,EUR,20579697,EUR,NACE,Code,2351,Loan,No,NA,NA,NA
L219,C36,Ghadir Investment Company,NA,NA,UP275,Tiger Head Cement,397305,EUR,20681535,EUR,NACE,Code,2351,Loan,No,NA,NA,NA
L220,C165,Schretter & Cie Gmbh & Co Kg,NA,NA,UP18,Anhui Feida Cement,298937,EUR,19700187,EUR,NACE,Code,2351,Loan,No,NA,NA,NA
L221,C315,Zibo Duoshan Cement,NA,NA,UP28,Beiliu Huwei Cement,345337,EUR,20163087,EUR,NACE,Code,2351,Loan,No,NA,NA,NA
L222,C10,Araratcement,NA,NA,UP226,Sa Tudela Veguín,403801,EUR,20746341,EUR,NACE,Code,2351,Loan,No,NA,NA,NA
L223,C307,Yunnan Cement,NA,NA,UP2,Achinsky Glinoziemskij Kombinat,265529,EUR,19366899,EUR,NACE,Code,2351,Loan,No,NA,NA,NA
L224,C174,Shanxi Aluminium Manufacturer Jinshui Cement,NA,NA,UP68,Cockburn Cement,246969,EUR,19181739,EUR,NACE,Code,2351,Loan,No,NA,NA,NA
L225,C120,Morgan Cement,NA,NA,UP298,Wanrong Cement,388025,EUR,20588955,EUR,NACE,Code,2351,Loan,No,NA,NA,NA
L226,C103,Injil Cement,NA,NA,UP248,Sichuan Hongyun Building Materials,202425,EUR,18737355,EUR,NACE,Code,2351,Loan,No,NA,NA,NA
L227,C100,Holcim Hüttenzement,NA,NA,UP120,Heilungkiang Huanan Xinglong Cement,398233,EUR,20690793,EUR,NACE,Code,2351,Loan,No,NA,NA,NA
L228,C175,Shanxi Ankung Jianhuan Group Cement,NA,NA,UP243,Shandong Qiyin Cement Group,256249,EUR,19274319,EUR,NACE,Code,2351,Loan,No,NA,NA,NA
L229,C181,Sibelco Nordic,NA,NA,UP56,Chongyang Hui’An Cement,388953,EUR,20598213,EUR,NACE,Code,2351,Loan,No,NA,NA,NA
L230,C155,Petroquimica Comodoro,NA,NA,UP211,Pingshan Jinsha Cement,206137,EUR,18774387,EUR,NACE,Code,2351,Loan,No,NA,NA,NA
L231,C220,Wuhai Huanghe Industrial And Trading Group,NA,NA,UP237,Scitus Cement China Holdings,401017,EUR,20718567,EUR,NACE,Code,2351,Loan,No,NA,NA,NA
L232,C116,Limak Holding,NA,NA,UP48,Cementos San Juan,259961,EUR,19311351,EUR,NACE,Code,2351,Loan,No,NA,NA,NA
L233,C205,Titan Florida,NA,NA,UP231,Sanca Sa Nouvelle Cimenterie Amboanio,392665,EUR,20635245,EUR,NACE,Code,2351,Loan,No,NA,NA,NA
L234,C149,Oryol Stroy Tech,NA,NA,UP130,Hunan Shimen Qiangsheng Cement,207993,EUR,18792903,EUR,NACE,Code,2351,Loan,No,NA,NA,NA
L235,C308,Yunnan Shiping Yilong Cement,NA,NA,UP70,Crh - Formerly Lafarge Zement Gmbh,404729,EUR,20755599,EUR,NACE,Code,2351,Loan,No,NA,NA,NA
L236,C152,Pashiyskiy Metallurgical,NA,NA,UP126,Huaihua Jindadi Cement,272025,EUR,19431705,EUR,NACE,Code,2351,Loan,No,NA,NA,NA
L237,C115,Lafargeholcim / 49% Souakri,NA,NA,UP316,Zigong Fushun Tongsi Cement,397305,EUR,20681535,EUR,NACE,Code,2351,Loan,No,NA,NA,NA
L238,C226,Yantai Haiyang Cement,NA,NA,UP39,Bua Group,210777,EUR,18820677,EUR,NACE,Code,2351,Loan,No,NA,NA,NA
L239,C164,Sanshui Beijiang Industrial,IP1,Sanshui Beijan Industrial Co,UP26,Azar-Abedagan Khoy,412153,EUR,20829663,EUR,NACE,Code,2351,Loan,No,NA,NA,NA
L240,C25,Dragon Cement,NA,NA,UP148,Jiaozuo Qianye Cement,281305,EUR,19524285,EUR,NACE,Code,2351,Loan,No,NA,NA,NA
L241,C99,Hitachi Cement,NA,NA,UP217,Qujing Cement,400089,EUR,20709309,EUR,NACE,Code,2351,Loan,No,NA,NA,NA
L242,C19,Cleco Power Llc,NA,NA,UP229,Samruk-Energy Jsc,211705,EUR,18829935,EUR,NACE,Code,241,Loan,No,NA,NA,NA
L243,C106,Jaiprakash Associates Ltd,NA,NA,UP19,"Appalachian Mining & Reclamation, Llc",323065,EUR,19940895,EUR,NACE,Code,241,Loan,No,NA,NA,NA
L244,C191,State Power Investment Corp Ltd,NA,NA,UP283,Uk Coal Mining Limited,284089,EUR,19552059,EUR,NACE,Code,241,Loan,No,NA,NA,NA
L245,C43,Guangdong Yudean Group Co Ltd,NA,NA,UP62,Cinda International Holdings Limited,401945,EUR,20727825,EUR,NACE,Code,241,Loan,No,NA,NA,NA
L246,C42,Grupo Acerero Del Norte,NA,NA,UP164,Ktc Group Holdings Pte Ltd,213561,EUR,18848451,EUR,NACE,Code,241,Loan,No,NA,NA,NA
L247,C41,Gmr Infrastructure Ltd,NA,NA,UP92,"Energy Group, A.S.",331417,EUR,20024217,EUR,NACE,Code,241,Loan,No,NA,NA,NA
L248,C8,Alpha Natural Resources Inc,NA,NA,UP180,Messina Investments Ltd,293369,EUR,19644639,EUR,NACE,Code,241,Loan,No,NA,NA,NA
L249,C121,Murray Energy Corp,NA,NA,UP61,Cinda International Hgb Investment (Uk) Ltd,405657,EUR,20764857,EUR,NACE,Code,241,Loan,No,NA,NA,NA
L250,C113,Korea Resources Corp,NA,NA,UP286,Unidad Aries S.A.C.,222841,EUR,18941031,EUR,NACE,Code,241,Loan,No,NA,NA,NA
L251,C187,Solid Energy New Zealand Ltd,NA,NA,UP282,Turkiye Taskomuru Kurumu,336057,EUR,20070507,EUR,NACE,Code,241,Loan,No,NA,NA,NA
L252,C200,Tata Group,NA,NA,UP264,Stanmore Coal Ltd,297081,EUR,19681671,EUR,NACE,Code,241,Loan,No,NA,NA,NA
L253,C202,Tata Sons Ltd,NA,NA,UP154,Karma Madencilik Insaat Sanayi Ve Tic. A.S.,407513,EUR,20783373,EUR,NACE,Code,241,Loan,No,NA,NA,NA
L254,C210,Tri-State Generation & Transmission Association Inc,NA,NA,UP186,Mountaintop Coal Mining Inc,229337,EUR,19005837,EUR,NACE,Code,241,Loan,No,NA,NA,NA
L255,C110,Karnataka Power Corp Ltd,IP2,Karnataka Holding Corp,UP113,"Guizhou Puxin Energy Co., Ltd.",412153,EUR,20829663,EUR,NACE,Code,241,Loan,No,NA,NA,NA
L256,C150,Pacific Gas & Electric Co,NA,NA,UP225,Russian Coal,394521,EUR,20653761,EUR,NACE,Code,241,Loan,No,NA,NA,NA
L257,C17,China Shenhua Energy Co Ltd,NA,NA,UP46,Cecil T Brinager,362041,EUR,20329731,EUR,NACE,Code,241,Loan,No,NA,NA,NA
L258,C13,Small Power Company That Won't Match,IP9,Beijing Energy Holding Co Ltd,UP265,Stanwell Corporation Ltd,408441,EUR,20792631,EUR,NACE,Code,241,Loan,No,NA,NA,NA
L259,C159,Rohit Ferro-Tech Ltd,NA,NA,UP87,Edy Sugianto,396377,EUR,20672277,EUR,NACE,Code,241,Loan,No,NA,NA,NA
L260,C1,Abterra Ltd,NA,NA,UP285,Undisclosed Company,366681,EUR,20376021,EUR,NACE,Code,241,Loan,No,NA,NA,NA
L261,C22,Coronado Coal Llc,IP7,Coronado Holding Company,UP223,Rpg Enterprises,409369,EUR,20801889,EUR,NACE,Code,241,Loan,No,NA,NA,NA
L262,C44,Gunvor Group Ltd,NA,NA,UP110,Gmm Larco Sa,279449,EUR,19505769,EUR,NACE,Code,241,Loan,No,NA,NA,NA
L263,C26,Drummond Co Inc,NA,NA,UP139,James C Justice Ii,401945,EUR,20727825,EUR,NACE,Code,241,Loan,No,NA,NA,NA
L264,C30,Energyaustralia Finance Pty Ltd,NA,NA,UP215,Pt Dian Swastatika Sentosa Tbk,183865,EUR,18552195,EUR,NACE,Code,241,Loan,No,NA,NA,NA
L265,C20,Cloud Peak Energy Resources Llc,IP6,Cloud Peak Inc.,UP20,Arj Construction Company Inc,410297,EUR,20811147,EUR,NACE,Code,241,Loan,No,NA,NA,NA
L266,C40,Globe Specialty Metals Inc,NA,NA,UP106,Gecamines Sarl,288729,EUR,19598349,EUR,NACE,Code,241,Loan,No,NA,NA,NA
L267,C112,Kompania Weglowa Sa,NA,NA,UP71,D&H Mining Inc,300000,EUR,300000,EUR,NACE,Code,241,Loan,No,NA,NA,NA
L268,C97,Hebi Coal & Electricity Co Ltd,NA,NA,UP27,Bee Handshoe,300001,EUR,300001,EUR,NACE,Code,241,Loan,No,NA,NA,NA
L269,C101,Holding Slovenske Elektrarne Doo,NA,NA,UP150,Job Land & Mineral Inc,300002,EUR,300002,EUR,NACE,Code,241,Loan,No,NA,NA,NA
L270,C29,Electric Power Development Co Ltd,NA,NA,UP82,E O J Inc,300003,EUR,300003,EUR,NACE,Code,241,Loan,No,NA,NA,NA
L271,C39,Global Mining Holding Co Llc,NA,NA,UP57,Christopher Cline,300004,EUR,300004,EUR,NACE,Code,241,Loan,No,NA,NA,NA
L272,C117,Maamba Collieries Ltd,NA,NA,UP192,Nce Australia Pty Ltd.,300005,EUR,300005,EUR,NACE,Code,241,Loan,No,NA,NA,NA
L273,C156,Pge Gornictwo I Energetyka Konwencjonalna Sa,NA,NA,UP295,Virginia Conservation Legacy Fund,300006,EUR,300006,EUR,NACE,Code,241,Loan,No,NA,NA,NA
L274,C186,Societatea Complexul Energetic Oltenia Sa,NA,NA,UP170,Laojun Tang Zheng Coal Coal Limited,300007,EUR,300007,EUR,NACE,Code,241,Loan,No,NA,NA,NA
L275,C177,Shenhua Ningxia Coal Industry Group Co Ltd,NA,NA,UP218,Rag Aktiengesellschaft,300008,EUR,300008,EUR,NACE,Code,241,Loan,No,NA,NA,NA
L276,C118,Madalena Energy Inc,NA,NA,UP51,Cercl Mining Bv,300009,EUR,300009,EUR,NACE,Code,610,Loan,No,NA,NA,NA
L277,C114,Krisenergy Ltd,NA,NA,UP105,Gastar Exploration Inc,300010,EUR,300010,EUR,NACE,Code,610,Loan,No,NA,NA,NA
L278,C107,Jerusalem Oil Exploration,NA,NA,UP207,Petro Rio Sa,300011,EUR,300011,EUR,NACE,Code,610,Loan,No,NA,NA,NA
L279,C147,Naphtha Israel Petroleum Corp Ltd,NA,NA,UP267,Storm Resources Ltd,300012,EUR,300012,EUR,NACE,Code,610,Loan,No,NA,NA,NA
L280,C151,Panoro Energy Asa,NA,NA,UP140,Japan Petroleum Exploration Co Ltd,300013,EUR,300013,EUR,NACE,Code,610,Loan,No,NA,NA,NA
L281,C194,Sunshine Oilsands Ltd,NA,NA,UP161,Korea Gas Corp,300014,EUR,300014,EUR,NACE,Code,610,Loan,No,NA,NA,NA
L282,C34,Etablissements Maurel Et Prom,NA,NA,UP50,Centrica Plc,300015,EUR,300015,EUR,NACE,Code,610,Loan,No,NA,NA,NA
L283,C15,Brightoil Petroleum Holdings Ltd,NA,NA,UP198,Odebrecht Oleo E Gas Sa,300016,EUR,300016,EUR,NACE,Code,610,Loan,No,NA,NA,NA
L284,C166,Seoul City Gas Co Ltd,NA,NA,UP262,Stadtwerke Muenchen Gmbh,300017,EUR,300017,EUR,NACE,Code,610,Loan,No,NA,NA,NA
L285,C167,Serica Energy Plc,NA,NA,UP96,Federation Of Malaysia,300018,EUR,300018,EUR,NACE,Code,610,Loan,No,NA,NA,NA
L286,C179,Sherritt International Corp,NA,NA,UP254,Soco International Plc,300019,EUR,300019,EUR,NACE,Code,610,Loan,No,NA,NA,NA
L287,C2,Africa Oil Corp,NA,NA,UP41,Carrizo Oil & Gas Inc,300020,EUR,300020,EUR,NACE,Code,610,Loan,No,NA,NA,NA
L288,C154,Pertamina Persero Pt,NA,NA,UP213,Pioneer Natural Resources Co,300021,EUR,300021,EUR,NACE,Code,610,Loan,No,NA,NA,NA
L289,C109,Jxtg Holdings Inc,NA,NA,UP115,Gulfport Energy Corp,300022,EUR,300022,EUR,NACE,Code,610,Loan,No,NA,NA,NA
L290,C32,Enquest Plc,NA,NA,UP251,Sk Holdings Co Ltd,300023,EUR,300023,EUR,NACE,Code,610,Loan,No,NA,NA,NA
L291,C148,Oasis Petroleum Inc,NA,NA,UP178,Medanito Sa,300024,EUR,300024,EUR,NACE,Code,610,Loan,No,NA,NA,NA
L292,C21,Contango Oil & Gas Co,NA,NA,UP142,Jersey Oil & Gas Plc,300025,EUR,300025,EUR,NACE,Code,610,Loan,No,NA,NA,NA
L293,C37,Givot Olam Oil Exploration Lp,NA,NA,UP193,New World Resources Plc,300026,EUR,300026,EUR,NACE,Code,610,Loan,No,NA,NA,NA
L294,C111,Kinder Morgan Inc/De,NA,NA,UP302,Wpx Energy Inc,300027,EUR,300027,EUR,NACE,Code,610,Loan,No,NA,NA,NA
L295,C24,Dialog Group Bhd,NA,NA,UP99,Fosun Holdings Ltd,300028,EUR,300028,EUR,NACE,Code,610,Loan,No,NA,NA,NA
L296,C33,Essar Energy Ltd,NA,NA,UP103,Gail India Ltd,300029,EUR,300029,EUR,NACE,Code,610,Loan,No,NA,NA,NA
L297,C125,Nalcor Energy,NA,NA,UP123,Hibiscus Petroleum Bhd,300030,EUR,300030,EUR,NACE,Code,610,Loan,No,NA,NA,NA
L298,C105,International Finance Corp,NA,NA,UP107,Genel Energy Plc,300031,EUR,300031,EUR,NACE,Code,610,Loan,No,NA,NA,NA
L299,C12,Banco Btg Pactual Sa,NA,NA,UP200,Ophir Energy Plc,300032,EUR,300032,EUR,NACE,Code,610,Loan,No,NA,NA,NA
L300,C28,Ecopetrol Sa,NA,NA,UP232,Sanchez Energy Corp,300033,EUR,300033,EUR,NACE,Code,610,Loan,No,NA,NA,NA
L301,C23,Corridor Resources Inc,NA,NA,UP194,Noe Landes-Beteiligungsholding Gmbh,300034,EUR,300034,EUR,NACE,Code,610,Loan,No,NA,NA,NA
L302,C153,People'S Republic Of China,NA,NA,UP59,Cias Asociadas Petroleras Sa,300035,EUR,300035,EUR,NACE,Code,610,Loan,No,NA,NA,NA
L303,C27,Ebn Bv,NA,NA,UP220,Roch Sa,300036,EUR,300036,EUR,NACE,Code,610,Loan,No,NA,NA,NA
L304,C158,Republic Of Chile,NA,NA,UP112,Gs Energy Corp,300037,EUR,300037,EUR,NACE,Code,610,Loan,No,NA,NA,NA
L305,C160,Rosneft Oil Co Pjsc,NA,NA,UP77,Diamondback Energy Inc,300038,EUR,300038,EUR,NACE,Code,610,Loan,No,NA,NA,NA
L306,C198,Tap Oil Ltd,NA,NA,UP235,Sapura Energy Bhd,300039,EUR,300039,EUR,NACE,Code,610,Loan,No,NA,NA,NA
L307,C35,Geo-Jade Petroleum Corp,NA,NA,UP292,Vanguard Natural Resources Inc,300040,EUR,300040,EUR,NACE,Code,610,Loan,No,NA,NA,NA
L308,C163,Samsung Engineering Co Ltd,NA,NA,UP268,Suelopetrol,300041,EUR,300041,EUR,NACE,Code,610,Loan,No,NA,NA,NA
L309,C11,Arc Resources Ltd,NA,NA,UP29,Bengal Energy Ltd,300042,EUR,300042,EUR,NACE,Code,610,Loan,No,NA,NA,NA
L310,C31,Enerplus Corp,NA,NA,UP208,Petrol Dd Ljubljana,300043,EUR,300043,EUR,NACE,Code,610,Loan,No,NA,NA,NA
L311,C209,Trg Holding As,NA,NA,UP238,Scomi Energy Services Bhd,300044,EUR,300044,EUR,NACE,Code,610,Loan,No,NA,NA,NA
L312,C161,Russian Federation,NA,NA,UP253,Socialist Republic Of Vietnam,300045,EUR,300045,EUR,NACE,Code,610,Loan,No,NA,NA,NA
L313,C38,Glencore Plc,NA,NA,UP266,State Of Qatar,300046,EUR,300046,EUR,NACE,Code,610,Loan,No,NA,NA,NA
L314,C208,Toyota Motor Corporation,NA,NA,UP279,Toyota Motor Corp,300047,EUR,300047,EUR,NACE,Code,2910,Loan,No,NA,NA,NA
L315,C208,Toyota Motor Corporation,NA,NA,UP279,Toyota Motor Corp,300048,EUR,300048,EUR,NACE,Code,2910,Loan,No,NA,NA,NA
L316,C3,Airasia X Bhd,NA,NA,UP7,Airasia X Bhd,300049,EUR,300049,EUR,NACE,Code,5110,Loan,No,NA,NA,NA
L317,C4,Airbaltic,NA,NA,UP8,Airbaltic,300050,EUR,300050,EUR,NACE,Code,5110,Loan,No,NA,NA,NA
L318,C5,Airblue,NA,NA,UP9,Airblue,300051,EUR,300051,EUR,NACE,Code,5110,Loan,No,NA,NA,NA
L319,C6,Airborne Of Sweden,NA,NA,UP10,Airborne Of Sweden,300052,EUR,300052,EUR,NACE,Code,5110,Loan,No,NA,NA,NA
L320,C7,Airbus Transport International,NA,NA,UP11,Airbus Transport International,300053,EUR,300053,EUR,NACE,Code,3030,Loan,No,NA,NA,NA
